0,MAKE IT BETTER,-,-,-,944340,-,-,-,-,-
1,PARANOiA,-,-,833480,933020,-,-,-,-,-
2,TRIP MACHINE,-,836940,-,968810,-,-,-,-,-
3,AM-3P,-,-,-,957130,-,-,-,-,-
4,BRILLIANT 2U,-,-,-,952890,968760,-,-,-,-
5,BRILLIANT 2U(Orchestra Groove),-,-,-,955840,845540,-,-,-,-
6,e-motion,-,-,-,963380,-,-,-,-,-
7,GENOM SCREAMS,-,-,754980,924190,-,-,-,-,-
8,KEEP ON MOVIN',-,-,746380,986330,-,-,-,-,-
9,PARANOiA KCET ～clean mix～,-,-,-,936550,827220,-,-,-,-
10,PARANOiA MAX～DIRTY MIX～,-,-,-,796970,-,-,-,-,-
11,PUT YOUR FAITH IN ME,-,-,-,957780,-,-,-,-,-
12,SP-TRIP MACHINE～JUNGLE MIX～,-,-,-,908340,-,-,-,-,-
13,AFRONOVA,-,-,934990,898780,-,-,-,-,-
14,AFTER THE GAME OF LOVE,-,-,-,964470,-,-,-,-,-
15,CUTIE CHASER,-,-,-,952890,-,-,-,-,-
16,DEAD END,-,-,896160,963550,-,-,827030,-,-
17,DROP THE BOMB,-,-,-,972750,-,-,-,-,-
18,DYNAMITE RAVE,-,-,828940,846490,870250,-,-,-,-
19,GRADIUSIC CYBER ～AMD G5 MIX～,-,-,-,878110,-,-,-,-,-
20,La Señorita,-,-,-,955290,-,-,-,-,-
21,La Señorita Virtual,-,-,-,927690,-,-,-,-,-
22,LOVE THIS FEELIN',-,-,-,888920,-,-,-,-,-
23,PARANOiA Rebirth,-,-,-,700920,-,-,-,-,-
24,Silent Hill,-,-,-,917220,-,-,-,-,-
25,think ya better D,-,-,-,955330,-,-,-,-,-
26,TRIP MACHINE～luv mix～,-,-,-,958620,-,-,-,-,-
27,.59,-,-,-,-,-,-,-,-,-
28,B4U,-,729640,-,953150,-,-,-,-,-
29,BABY BABY GIMME YOUR LOVE,-,-,-,-,-,-,-,-,-
30,BURNIN' THE FLOOR,-,-,893100,961260,-,-,-,-,-
31,CAN'T STOP FALLIN' IN LOVE,-,-,-,-,-,-,-,-,-
32,CELEBRATE NITE,-,-,-,890960,-,-,-,-,-
33,Don't Stop!～AMD 2nd MIX～,-,-,-,-,-,-,-,-,-
34,DROP OUT,-,-,-,904850,-,-,-,-,-
35,era (nostalmix),-,-,830990,930090,-,-,-,-,-
36,HIGHER,-,-,-,-,-,-,-,-,-
37,Holic,-,882540,904120,965610,-,-,-,-,-
38,HYSTERIA,-,-,-,-,-,-,-,-,-
39,LEADING CYBER,-,-,-,-,-,-,-,-,-
40,LOVE AGAIN TONIGHT～For Melissa MIX～,-,-,-,-,-,-,-,-,-
41,MY SUMMER LOVE,-,-,-,-,-,-,-,-,-
42,ORION.78(AMeuro-MIX),-,-,-,-,-,-,-,-,-
43,PARANOIA EVOLUTION,-,-,-,778470,-,-,-,-,-
44,SEXY PLANET,-,-,-,-,-,-,-,-,-
45,SUPER STAR,-,-,-,-,-,-,-,-,-
46,TRIP MACHINE CLIMAX,-,-,-,758110,-,-,-,-,-
47,WILD RUSH,-,-,-,-,-,-,-,-,-
48,ABSOLUTE,-,-,-,932550,-,-,-,-,-
49,Abyss,-,-,710200,957270,-,-,-,-,-
50,AFRONOVA PRIMEVAL,-,-,-,780100,-,-,-,-,-
51,BROKEN MY HEART,-,-,-,963760,-,-,-,-,-
52,CAN'T STOP FALLIN' IN LOVE ～SPEED MIX～,-,-,-,915900,-,-,-,-,-
53,DXY!,-,781020,823010,917790,-,-,-,-,-
54,ECSTASY,-,-,-,953930,-,-,-,-,-
55,Electro Tuned ( the SubS Mix ),-,-,-,885830,-,-,-,-,-
56,Healing Vision,-,-,-,920160,-,-,-,-,-
57,INSERTiON,-,-,-,772220,-,-,-,-,-
58,PARANOiA ETERNAL,-,-,-,819980,-,-,-,-,-
59,STILL IN MY HEART,-,-,-,951340,-,-,-,-,-
60,サナ・モレッテ・ネ・エンテ,-,-,-,961610,-,-,-,-,-
61,CANDY☆,891700,-,-,-,-,-,-,-,-
62,exotic ethnic,-,-,-,-,-,-,-,-,-
63,Healing Vision ～Angelic mix～,-,873440,-,927420,-,-,-,-,-
64,Let the beat hit em!(CLASSIC R&B STYLE),-,-,-,997640,-,-,-,-,-
65,MAX 300,-,918240,956250,862550,-,774850,-,-,-
66,ORION.78～civilization mix～,-,-,-,674270,-,-,-,-,-
67,AFRONOVA(FROM NONSTOP MEGAMIX),-,,-,,937540,-,,-,-
68,AM-3P(AM EAST mix),-,,-,,-,-,,-,-
69,B4U(B4 ZA BEAT MIX),-,,-,,846550,-,,-,-
70,BRE∀K DOWN！,-,-,-,-,-,-,-,-,-
71,BRILLIANT 2U(K.O.G G3 MIX),-,,-,,-,-,,-,-
72,BURNIN' THE FLOOR(BLUE FIRE mix),-,,-,,-,-,,-,-
73,BURNING HEAT！（3 Option MIX）,-,-,-,-,-,-,-,-,-
74,CANDY♡,-,-,-,-,-,-,-,-,-
75,CELEBRATE NITE(EURO TRANCE STYLE),-,,-,,-,-,,-,-
76,D2R,-,-,736700,799630,-,-,-,-,-
77,DESTINY,-,-,-,-,-,-,-,-,-
78,DIVE TO THE NIGHT,-,-,-,-,-,-,-,-,-
79,DROP OUT(FROM NONSTOP MEGAMIX),-,,-,,-,-,,-,-
80,ECSTASY (midnight blue mix),-,,-,,862610,-,,-,-
81,HIGHER(next morning mix),-,,-,,-,-,,-,-
82,HYSTERIA 2001,-,,-,,-,-,,-,-
83,i feel ...,-,-,-,-,-,-,-,-,-
84,MAXX UNLIMITED,-,837930,-,720060,-,-,-,-,-
85,MY SUMMER LOVE(TOMMY'S SMILE MIX),-,,-,,-,-,,-,-
86,rain of sorrow,-,-,-,-,-,-,-,-,-
87,Secret Rendez-vous,-,-,-,-,-,-,-,-,-
88,SEXY PLANET(FROM NONSTOP MEGAMIX),-,,-,,-,-,,-,-
89,Silent Hill (3rd christmas mix),-,,-,,-,-,,-,-
90,STILL IN MY HEART(MOMO MIX),-,,-,,-,-,,-,-
91,SUPER STAR(FROM NONSTOP MEGAMIX),-,,-,,-,-,,-,-
92,Sweet Sweet ♥ Magic,-,-,-,-,-,-,-,-,-
93,TSUGARU,-,-,-,-,-,-,-,-,-
94,TSUGARU (APPLE MIX),-,,-,,-,-,,-,-
95,WILD RUSH(FROM NONSTOP MEGAMIX),-,,-,,-,-,,-,-
96,革命,-,-,867800,918910,923840,-,-,-,-
97,1998,-,-,-,936780,-,-,-,-,-
98,♥Love²シュガ→♥,-,-,-,-,-,-,-,-,-
99,321STARS,-,-,-,935080,-,-,-,-,-
100,A,-,-,766420,897690,856070,-,-,-,-
101,Across the nightmare,-,-,-,879100,911010,-,-,-,-
102,air,-,-,-,-,-,-,-,-,-
103,AM-3P -303 BASS MIX-,-,-,-,-,-,-,-,-,-
104,bag,-,-,-,953070,-,-,-,-,-
105,BE LOVIN,-,-,-,-,-,-,-,-,-
106,Colors ～for EXTREME～,-,-,-,-,-,-,-,-,-
107,CUTIE CHASER(MORNING MIX),-,-,-,-,-,-,-,-,-
108,Dance Dance Revolution,-,-,-,-,-,-,-,-,-
109,Destiny lovers,-,-,-,777160,-,-,-,-,-
110,DROP THE BOMB(SyS.F. Mix),-,-,-,982340,-,-,-,-,-
111,Frozen Ray ～for EXTREME～,-,-,-,-,-,-,-,-,-
112,Gamelan de Couple,-,-,992710,915430,-,-,-,-,-
113,GRADUATION ～それぞれの明日～,-,-,-,931710,-,-,-,-,-
114,Happy Wedding,-,-,-,-,-,-,-,-,-
115,Heaven is a '57 metallic gray ～gimmix～,-,-,-,-,-,-,-,-,-
116,HYPER EUROBEAT,-,-,-,-,-,-,-,-,-
117,I'm gonna get you!,-,-,-,-,-,-,-,-,-
118,jane jana,-,-,-,-,-,-,-,-,-
119,JET WORLD,-,-,-,-,-,-,-,-,-
120,KISS KISS KISS,-,-,-,-,-,-,-,-,-
121,Kiss me all night long,-,-,-,-,-,-,-,-,-
122,LA BAMBA,-,-,-,-,-,-,-,-,-
123,L'amour et la liberté(DDR Ver.),-,-,-,-,-,-,-,-,-
124,LOVE♥SHINE,-,-,-,947110,-,-,-,-,-
125,Miracle Moon ～L.E.D.LIGHT STYLE MIX～,-,-,-,-,-,-,-,-,-
126,PARANOIA survivor,-,-,-,-,-,-,-,-,-
127,PARANOIA survivor MAX,-,-,826110,677890,-,-,-,-,-
128,Pink Rose,-,-,-,981400,-,-,-,-,-
129,SO IN LOVE,-,-,-,-,-,-,-,-,-
130,STAY (Organic house Version),-,-,-,-,-,-,-,-,-
131,stoic (EXTREME version),-,-,819190,745880,-,-,-,-,-
132,sync (EXTREME version),-,-,782600,-,-,-,-,-,-
133,TEARS,-,-,-,-,-,-,-,-,-
134,The Least 100sec,-,-,-,-,-,-,-,-,-
135,The legend of MAX,-,-,967720,734600,-,-,-,-,-
136,TRIP MACHINE survivor,-,-,-,-,-,-,-,-,-
137,Twin Bee -Generation X-,-,-,-,-,-,-,-,-,-
138,V ～for EXTREME～,-,-,-,876080,928320,-,-,-,-
139,VANITY ANGEL,-,-,-,-,-,-,-,-,-
140,xenon,-,-,-,-,-,-,-,-,-
141,桜,-,816580,737580,887940,874500,-,-,-,-
142,三毛猫ロック,-,-,-,-,-,-,-,-,-
143,蒼い衝動 ～for EXTREME～,-,-,-,-,-,-,-,-,-
144,大見解,-,-,-,865820,802670,-,-,-,-
145,A Stupid Barber,-,-,-,-,-,-,-,-,-
146,AA,-,-,958390,926990,-,-,-,-,-
147,Bad Routine,-,-,-,-,-,-,-,-,-
148,Baile Le Samba,-,-,-,-,-,-,-,-,-
149,BALLAD FOR YOU～想いの雨～,-,-,-,-,-,-,-,-,-
150,Brazilian Anthem,-,-,-,-,-,-,-,-,-
151,cachaca,-,-,-,-,-,-,-,-,-
152,Can Be Real,-,-,-,-,-,-,-,-,-
153,CAN'T STOP FALLIN' IN LOVE -super euro version-,-,-,-,-,-,-,-,-,-
154,CENTAUR,-,-,-,-,-,-,-,-,-
155,CHAOS,-,-,705390,-,-,-,-,-,-
156,CURUS,-,-,-,-,-,-,-,-,-
157,DoLL,-,-,-,-,-,-,-,-,-
158,Dragon Blade,-,-,-,-,-,-,-,-,-
159,Fascination ～eternal love mix～,720590,-,-,227900,-,-,-,-,-
160,Fascination MAXX,-,902070,906530,119470,-,-,-,-,-
161,Flow,-,-,-,-,-,-,-,-,-
162,Flow (True Style),-,-,-,-,-,-,-,-,-
163,Fly away,-,-,-,-,-,-,-,-,-
164,Forever Sunshine,-,-,-,-,-,-,-,-,-
165,Freedom,-,-,-,-,-,-,-,-,-
166,Funk Boogie,-,-,-,-,-,-,-,-,-
167,GORGEOUS 2012,-,-,-,-,-,-,-,-,-
168,HAPPY☆ANGEL,-,-,-,-,-,-,-,-,-
169,Healing-D-Vision,-,679020,-,158540,508480,-,-,-,-
170,I Need You,-,-,-,-,-,-,-,-,-
171,iFUTURELIST(DDR VERSION),-,-,-,-,-,-,-,-,-
172,INNOCENCE OF SILENCE,-,-,-,-,-,-,-,-,-
173,INSIDE YOUR HEART,-,-,-,923700,-,821390,-,-,-
174,Jam & Marmalade,-,-,-,-,-,-,-,-,-
175,KEEP ON MOVIN' ～DMX MIX～,-,-,-,-,-,-,-,-,-
176,La Bamba,-,-,-,-,-,-,-,-,-
177,LOGICAL DASH,-,-,704590,-,-,-,-,-,-
178,LOVE IS ORANGE,-,-,866600,-,-,-,-,-,-
179,Make A Difference,-,-,-,-,-,-,-,-,-
180,MARIA(I believe...),-,-,-,-,-,-,-,-,-
181,MAX 300 (Super-Max-Me Mix),-,625920,-,270390,-,-,-,-,-
182,MAXIMIZER,-,-,-,-,-,-,-,-,-
183,MIDNIGHT SPECIAL,-,-,-,-,-,-,-,-,-
184,Mind Parasite,-,-,-,979800,-,-,-,-,-
185,Monkey Punk,-,-,-,-,-,-,-,-,-
186,MOON,-,-,-,944140,-,-,-,-,-
187,murmur twins,-,-,845350,-,-,-,-,-,-
188,My Only Shining Star,-,-,-,-,-,-,-,-,-
189,No.13,-,-,-,-,-,-,-,-,-
190,PARANOiA-Respect-,-,-,692900,619290,-,-,-,-,-
191,PASSION OF LOVE,-,-,-,-,-,-,-,-,-
192,Polovtsian Dances And Chorus,-,-,-,-,-,-,-,-,-
193,PUT YOUR FAITH IN ME ～SATURDAY NIGHT MIX～,-,-,-,-,-,-,-,-,-
194,Quick Master,-,-,-,926890,-,-,-,-,-
195,Quickening,-,-,845190,968810,-,-,-,-,-
196,rainbow flyer,-,-,-,-,-,-,-,-,-
197,rainbow rainbow,-,-,-,-,-,-,-,-,-
198,RED ZONE,-,-,723300,885420,-,-,-,-,-
199,Saturday Night Love,-,-,-,-,-,-,-,-,-
200,Scorching Moon,-,-,-,-,-,-,-,-,-
201,SEDUCTION,-,-,-,922240,-,-,-,-,-
202,SEDUCTION(Vocal Remix),-,-,-,-,-,-,-,-,-
203,Ska Ska No.3,-,-,-,-,-,-,-,-,-
204,Star Gate Heaven,-,-,-,-,-,-,-,-,-
205,STARS☆☆☆(2nd NAOKI's style),-,-,-,-,-,-,-,-,-
206,THE SHINING POLARIS,-,-,-,-,-,-,-,-,-
207,TIERRA BUENA,-,-,-,-,-,-,-,-,-
208,TOMORROW,-,-,-,-,-,-,-,-,-
209,Tomorrow Perfume,-,-,-,-,-,-,-,-,-
210,TRUE♥LOVE,-,-,-,-,-,-,-,-,-
211,Try 2 Luv. U,-,-,-,-,-,-,-,-,-
212,un deux trois,-,-,-,-,-,-,-,-,-
213,Under the Sky,-,-,-,-,-,-,-,-,-
214,Xepher,-,654500,-,-,-,-,-,-,-
215,You gotta move it (feat. Julie Rugaard),-,-,-,952930,-,-,-,-,-
216,カゲロウ,-,-,-,-,-,-,-,-,-
217,この子の七つのお祝いに,-,-,-,-,-,-,-,-,-
218,チカラ,-,-,-,-,-,-,-,-,-
219,ヒマワリ,-,-,-,-,-,-,-,-,-
220,華爛漫 -Flowers-,-,-,726580,982930,-,-,-,-,-
221,月光蝶,-,-,-,759180,-,-,-,-,-
222,男々道,-,-,-,-,-,-,-,-,-
223,怒れる大きな白い馬,-,-,-,-,-,-,-,-,-
224,虹色,-,745000,701700,879050,883680,-,-,-,-
225,夢幻ノ光,-,-,-,-,-,-,-,-,-
226,A thing called LOVE,-,-,-,-,-,-,-,-,-
227,AM-3P ("CHAOS" Special),-,,-,,740620,-,,-,-
228,Arrabbiata,-,-,-,-,-,-,-,-,-
229,B4U ("VOLTAGE" Special),-,,-,,879480,-,,-,-
230,Blind Justice ～Torn souls, Hurt Faiths ～,-,-,791190,954390,-,-,-,-,-
231,Bloody Tears(IIDX EDITION),-,-,-,-,-,-,-,-,-
232,BRILLIANT 2U ("STREAM" Special),-,,-,,759490,-,,-,-
233,CaptivAte～誓い～,-,-,-,-,-,-,-,-,-
234,D2R ("FREEZE" Special),-,,-,,890080,-,,-,-
235,DEAD END ("GROOVE RADAR" Special),-,,-,,-,-,,-,-
236,dream of love,-,-,-,-,-,-,-,-,-
237,DYNAMITE RAVE ("AIR" Special),-,,-,,999680,-,,-,905080
238,Electrified,-,-,-,-,-,-,-,-,-
239,Every Day, Every Night(NM STYLE),-,-,-,-,-,-,-,-,-
240,Feelings Won't Fade(Extend Trance Mix),-,-,-,916520,-,-,-,-,-
241,FIRE,-,-,-,-,-,-,-,-,-
242,Flow (Jammin' Ragga Mix),-,-,-,-,-,-,-,-,-
243,Fly away -mix del matador-,-,-,-,-,-,-,-,-,-
244,Freeway Shuffle,-,-,-,-,-,-,-,-,-
245,GIRIGILI門前雀羅,-,-,-,-,-,-,-,-,-
246,L'amour et la liberté(Darwin & DJ Silver remix),-,-,-,-,-,-,-,-,-
247,MARS WAR 3,-,-,-,-,-,-,-,-,-
248,MOONSTER,-,-,-,-,-,-,-,-,-
249,Music In The Rhythm,-,-,-,-,-,-,-,-,-
250,NGO,-,685530,-,-,265140,-,-,-,-
251,PARANOiA ～HADES～,-,836400,164090,-,-,-,-,-,-
252,Pluto,-,-,-,-,-,-,-,-,-
253,Pluto Relinquish,-,-,573670,-,-,-,-,-,-
254,Poseidon,-,-,-,-,-,-,-,-,-
255,Raspberry♡Heart(English version),-,-,-,-,-,-,-,-,-
256,Saturn,-,-,-,-,-,-,-,-,-
257,Shades of Grey,-,-,-,-,-,-,-,-,-
258,Silver Platform - I wanna get your heart -,-,-,-,-,-,-,-,-,-
259,SOUL CRASH,-,-,-,-,-,-,-,-,-
260,Star Gate Heaven (FUTURE LOVE Mix),-,-,-,-,-,-,-,-,-
261,STARS☆☆☆（Re-tuned by HΛL） - DDR EDITION -,-,-,-,-,-,-,-,-,-
262,stealth,-,-,-,-,-,-,-,-,-
263,SUNKiSS♥DROP,-,-,-,473910,-,-,-,-,-
264,switch,-,-,-,-,-,-,-,-,-
265,Trim,-,-,-,-,-,-,-,-,-
266,TRIP MACHINE PhoeniX,-,-,737720,-,-,-,-,-,-
267,Trust -DanceDanceRevolution mix-,-,-,-,-,-,-,-,-,-
268,Unreal,-,-,-,-,-,-,-,-,-
269,Uranus,-,-,-,-,-,-,-,-,-
270,Vem brincar,-,-,-,-,-,-,-,-,-
271,Venus,-,-,-,-,-,-,-,-,-
272,volcano,-,-,-,-,-,-,-,-,-
273,Votum stellarum -forest #25 DDR RMX-,-,-,-,-,-,-,-,-,-
274,Why not,-,-,-,-,-,-,-,-,-
275,30 Lives (Up-Up-Down-Dance Mix),-,-,-,-,-,-,-,-,-
276,A Geisha's Dream,-,370750,-,912600,-,-,786780,-,-
277,AFRONOVA(X-Special),-,,-,,-,-,,-,-
278,Beautiful Inside (Cube::Hard Mix),-,-,-,-,-,-,-,-,-
279,Blue Rain,-,-,954350,-,-,-,-,-,-
280,CANDY☆(X-Special),-,,-,,-,-,,-,-
281,Chance and Dice,-,-,-,-,-,-,-,-,-
282,Dance Celebration,-,-,-,-,-,-,-,-,-
283,Dance Celebration (System 7 Remix),-,-,-,-,-,-,-,-,-
284,Dance Dance Revolution(X-Special),-,,-,,-,-,,-,-
285,Dance Floor,-,-,-,-,-,-,-,-,-
286,dazzle,-,-,-,-,-,-,-,-,-
287,Dream Machine,-,-,-,-,-,-,-,-,-
288,Flight of the Phoenix,-,-,-,-,-,-,-,-,-
289,Flourish,-,-,-,-,-,-,-,-,-
290,Healing Vision(X-Special),-,,-,,-,-,,-,-
291,Horatio,-,-,-,904460,706240,-,-,-,-
292,Inspiration,-,-,-,-,-,-,-,-,-
293,INTO YOUR HEART (Ruffage remix),-,-,-,-,-,-,-,-,-
294,Lift You Up,-,-,-,-,-,-,-,-,-
295,LOVING YOU (Epidemik remix),-,-,-,-,-,-,-,-,-
296,Malacca,-,-,-,-,-,-,-,-,-
297,MAX 300(X-Special),-,,-,,573410,-,,-,-
298,MAXX UNLIMITED(X-Special),-,,-,,-,-,,-,-
299,on the bounce,-,-,747250,876650,728710,-,-,-,-
300,On The Break,-,-,-,-,-,-,-,-,-
301,PARANOiA ETERNAL(X-Special),-,,-,,879350,-,,-,-
302,PARANOIA EVOLUTION(X-Special),-,,-,,-,-,,-,-
303,PARANOiA MAX～DIRTY MIX～(X-Special),-,,-,,788570,-,,-,-
304,PARANOiA Rebirth(X-Special),-,,-,,-,-,,-,-
305,PARANOiA(X-Special),-,,-,,758180,-,,-,-
306,Party Lights,-,-,-,-,-,-,-,-,-
307,Playa (Original Mix),-,-,-,-,-,-,-,-,-
308,puzzle,-,-,-,-,-,-,-,-,-
309,S・A・G・A,-,-,-,941660,-,-,-,-,-
310,SABER WING,-,-,-,753460,-,-,-,-,-
311,SABER WING (Akira Ishihara Headshot mix),-,-,925810,803010,502070,-,-,-,-
312,Slip Out,-,-,-,-,-,-,-,-,-
313,Slip Out (bounce in beat mix),-,-,-,-,-,-,-,-,-
314,SP-TRIP MACHINE～JUNGLE MIX～(X-Special),-,,-,,-,-,,-,-
315,SUPER SAMURAI,-,-,-,-,-,-,-,-,-
316,Taj He Spitz,-,-,-,-,-,-,-,-,-
317,Taj He Spitz (Tommie Sunshine's Brooklyn Fire Re-Touch),-,-,-,-,-,-,-,-,-
318,Take A Chance,-,-,-,-,-,-,-,-,-
319,The flower in your smile,-,-,-,-,-,-,-,-,-
320,The legend of MAX(X-Special),-,,-,,654830,-,,-,-
321,Ticket to Bombay,-,-,-,-,-,-,-,-,-
322,Till the lonely's gone,-,-,-,-,-,-,-,-,-
323,TimeHollow,-,-,-,-,-,-,-,-,-
324,Tracers (4Beat Remix),-,-,-,-,-,-,-,-,-
325,Trickster,-,-,-,-,-,-,-,-,-
326,Trigger,-,-,-,-,-,-,-,-,-
327,TRIP MACHINE CLIMAX(X-Special),-,,-,,-,-,,-,-
328,TRIP MACHINE(X-Special),-,,-,,886470,-,,-,-
329,Übertreffen,-,-,-,-,-,-,-,-,-
330,Waiting 4 u,-,-,-,-,-,-,-,-,-
331,will,-,-,-,-,-,-,-,-,-
332,ポリリズム,-,-,-,-,-,-,-,-,-
333,革命(X-Special),-,,-,,807530,-,,-,-
334,零 - ZERO -,-,-,-,768240,-,-,-,-,-
335,凛として咲く花の如く,-,828060,-,880550,-,-,-,-,-
336,888,-,-,717600,789270,-,-,-,-,-
337,☆shining☆,-,-,-,-,-,-,-,-,-
338,A Brighter Day,-,-,-,-,-,-,-,-,-
339,aftershock!!,-,-,-,903910,-,-,-,-,-
340,All My Love,-,-,-,-,-,-,-,-,-
341,Anti-Matter,-,-,806780,622210,-,-,-,-,-
342,BALLAD THE FEATHERS,-,-,-,-,-,-,-,-,-
343,CG Project,-,-,955080,925560,-,-,-,-,-
344,Crazy Control,-,-,-,-,-,-,-,-,-
345,Dazzlin' Darlin,-,-,830650,944640,-,-,-,-,-
346,Dazzlin' Darlin-秋葉工房mix-,-,-,978960,971970,-,-,-,-,-
347,Decade,-,-,-,-,-,-,-,-,-
348,dirty digital,-,-,-,-,-,-,-,-,-
349,DROP,-,-,-,-,-,-,-,-,-
350,Dummy,-,-,-,-,-,-,-,-,-
351,FIRE FIRE,-,-,-,881050,-,-,-,-,-
352,Freeze,-,-,-,-,-,-,-,-,-
353,going up,-,-,-,-,-,-,-,-,-
354,GOLD RUSH,-,-,-,-,-,-,-,-,-
355,Gotta Dance,-,-,-,-,-,-,-,-,-
356,Heatstroke,-,-,-,-,-,-,-,-,-
357,IF YOU WERE HERE,-,-,-,-,-,-,-,-,-
358,IF YOU WERE HERE (L.E.D.-G STYLE REMIX),-,-,-,-,-,-,-,-,-
359,I'm so Happy,-,-,762790,923110,709970,-,-,-,-
360,in love wit you,-,-,-,-,-,-,-,-,-
361,KIMONO♥PRINCESS,-,-,904260,748410,-,-,-,-,-
362,KISS KISS KISS 秋葉工房 MIX,-,-,926700,905820,-,-,-,-,-
363,La libertad,-,-,-,-,-,-,-,-,-
364,La receta,-,-,-,-,-,-,-,-,-
365,Leaving…,-,-,-,974070,-,-,-,-,-
366,Love Again,-,-,-,-,-,-,-,-,-
367,MAX LOVE,-,-,790710,-,-,-,-,-,-
368,Melody Life,-,-,-,-,-,-,-,-,-
369,New Decade,-,-,-,-,-,-,-,-,-
370,oarfish,-,-,-,-,-,-,-,-,-
371,only my railgun,-,-,-,-,-,-,-,-,-
372,Pierce The Sky,-,-,-,-,-,-,-,-,-
373,Pluto The First,799390,-,-,-,-,-,-,-,-
374,Poseidon(kors k mix),-,-,-,-,-,-,-,-,-
375,POSSESSION,-,956250,846150,592190,-,-,-,-,-
376,real-high-SPEED,-,-,-,761930,-,-,-,-,-
377,resonance,-,-,-,-,-,-,-,-,-
378,roppongi EVOLVED ver.A,-,-,-,-,-,-,-,-,-
379,roppongi EVOLVED ver.B,-,-,-,-,-,-,-,-,-
380,roppongi EVOLVED ver.C,-,-,-,-,-,-,-,-,-
381,roppongi EVOLVED ver.D,-,-,-,-,-,-,-,-,-
382,Sacred Oath,-,-,-,-,833970,-,-,-,-
383,sakura storm,-,-,-,930690,688040,-,-,-,-
384,Sakura Sunrise,-,795280,834740,834330,-,-,-,-,-
385,Second Heaven,-,-,893660,926240,-,-,-,-,-
386,She is my wife,-,-,-,765180,-,-,-,-,-
387,Shine,-,-,-,-,-,-,-,-,-
388,Shiny World,-,-,-,-,-,-,-,-,-
389,Sky Is The Limit,-,-,-,908670,-,-,-,-,-
390,smooooch･∀･,-,-,804950,709480,931310,-,-,-,-
391,someday...,-,-,-,-,-,-,-,-,-
392,Taking It To The Sky,-,-,-,-,-,-,-,-,-
393,Theory of Eternity,-,-,-,842590,522370,-,-,-,-
394,THIS NIGHT,-,-,-,-,-,-,-,-,-
395,Valkyrie dimension,466190,-,-,-,-,-,-,-,-
396,VANESSA,-,-,888170,-,-,-,-,-,-
397,WH1TE RO5E,-,-,-,-,-,-,-,-,-
398,What Will Come of Me,-,-,-,-,-,-,-,-,-
399,You are a Star,-,-,-,952120,915830,-,-,-,-
400,Your Angel,-,-,-,962300,-,-,-,-,-
401,ZETA～素数の世界と超越者～,-,-,-,-,-,-,-,-,-
402,ΔMAX,-,-,835820,638920,-,-,-,-,-
403,不沈艦CANDY,-,-,868730,897770,-,-,-,-,-
404,冥,-,858210,911080,774750,-,-,-,-,-
405,ビューティフル レシート,-,861350,-,-,-,-,-,-,-
406,Fever,-,-,-,-,-,-,-,-,-
407,Programmed Universe,-,-,-,-,-,-,-,-,-
408,Diamond Dust,-,-,777710,-,-,-,-,-,-
409,女々しくて,-,-,-,916560,831300,-,-,-,-
410,future gazer,-,-,-,-,-,-,-,-,-
411,LOVE & JOY,-,-,-,-,-,-,-,-,-
412,STRAIGHT JET,-,-,-,-,-,-,-,-,-
413,Get Back Up!,-,-,-,-,-,-,-,-,-
414,Haunted Rhapsody,-,-,-,-,-,-,-,-,-
415,HEARTBREAK (Sound Selektaz remix),-,-,-,-,-,-,-,-,-
416,The Heavens Above,-,-,-,-,-,-,-,-,-
417,Take A Step Forward,-,-,-,895910,-,-,-,-,-
418,dreaming can make a wish come true,-,-,-,-,-,-,-,-,-
419,ever snow,-,-,-,-,-,-,-,-,-
420,IN THE ZONE,-,-,-,-,-,-,-,-,-
421,Let's Get Away,-,-,-,-,-,-,-,-,-
422,MAGIC PARADE,-,-,-,-,-,-,-,-,-
423,Private Eye,-,-,-,-,-,-,-,-,-
424,Rhythms Inside,-,-,-,-,-,-,-,-,-
425,Seasons,-,-,-,-,-,-,-,-,-
426,Wicked Plastik,-,-,-,-,-,-,-,-,-
427,CRAZY♥LOVE,-,-,-,-,-,-,-,-,-
428,隅田川夏恋歌,-,-,-,799100,-,-,-,-,-
429,Amalgamation,-,-,-,-,-,-,-,-,-
430,UNBELIEVABLE (Sparky remix),-,-,-,-,-,-,-,-,-
431,Mermaid girl,-,-,943640,947360,902220,-,-,-,-
432,Find You Again,-,-,-,-,-,-,-,-,-
433,Tribe,-,-,-,-,-,-,-,-,-
434,Something Special,-,-,-,-,-,-,-,-,-
435,COME BACK TO MY HEART,-,-,-,-,-,-,-,-,-
436,Rescue Me,-,-,-,-,-,-,-,-,-
437,REBORN MAGIC,-,-,-,-,-,-,-,-,-
438,Seule,-,-,-,-,-,-,-,-,-
439,Chronos,-,-,-,919470,744420,-,-,-,-
440,Share The Love,-,-,-,-,-,-,-,-,-
441,I/O,-,-,930210,948080,-,-,658560,-,-
442,In The Air,-,-,-,-,-,-,-,-,-
443,TIME,-,-,-,-,-,-,-,-,-
444,New Beginning,-,-,-,-,-,-,-,-,-
445,Wings of an Angel (Fly With Me),-,-,-,-,-,-,-,-,-
446,Resurrection,-,-,-,-,-,-,-,-,-
447,Until the End,-,-,-,-,-,-,-,-,-
448,HEART BEAT FORMULA,-,-,-,780630,-,-,-,-,-
449,NEPHILIM DELTA,-,-,-,-,-,-,-,-,-
450,SigSig,-,-,-,912520,992850,-,-,-,-
451,message,-,-,-,-,-,-,-,-,-
452,天上の星～黎明記～,-,-,-,-,-,-,-,-,-
453,繚乱ヒットチャート,-,-,-,-,-,-,-,-,-
454,雫,-,-,763900,-,-,-,-,-,-
455,TWINKLE♡HEART,-,-,809960,973380,999790,-,-,-,-
456,アルストロメリア (walk with you remix),-,-,-,946040,-,-,-,-,-
457,FLOWER,-,797610,938950,731890,757900,-,-,-,-
458,SILVER☆DREAM,-,-,-,-,-,-,-,-,-
459,osaka EVOLVED -毎度、おおきに！- (TYPE1),-,-,-,-,-,-,-,-,-
460,osaka EVOLVED -毎度、おおきに！- (TYPE2),-,-,-,-,-,-,-,-,-
461,osaka EVOLVED -毎度、おおきに！- (TYPE3),-,-,-,-,-,-,-,-,-
462,tokyoEVOLVED (TYPE1),-,-,-,-,-,-,-,-,-
463,tokyoEVOLVED (TYPE2),-,-,-,-,-,-,-,-,-
464,tokyoEVOLVED (TYPE3),-,-,-,-,-,-,-,-,-
465,New York EVOLVED (Type A),-,-,-,-,-,-,-,-,-
466,New York EVOLVED (Type B),-,-,-,-,-,-,-,-,-
467,New York EVOLVED (Type C),-,-,-,-,-,-,-,-,-
468,London EVOLVED ver.A,-,-,-,-,-,-,-,-,-
469,London EVOLVED ver.B,-,-,-,-,-,-,-,-,-
470,London EVOLVED ver.C,-,-,-,-,-,-,-,-,-
471,Tohoku EVOLVED,-,-,879490,-,-,-,-,-,-
472,KUNG FU FIGHTING,-,-,-,-,-,-,-,-,-
473,BAD GIRLS,-,-,-,-,-,-,-,-,-
474,Boom Boom Dollar (Red Monster Mix),-,-,-,-,-,-,-,-,-
475,stomp to my beat,-,-,-,-,-,-,-,-,-
476,MAKE IT BETTER (So-REAL Mix),-,-,-,965490,888640,-,-,-,-
477,PUT YOUR FAITH IN ME (Jazzy Groove),-,-,-,978090,813560,-,-,-,-
478,LOVE IS THE POWER -Re:born-,-,-,-,955990,-,-,-,-,-
479,PARANOiA Revolution,-,851220,891510,-,-,-,-,-,-
480,TRIP MACHINE EVOLUTION,-,-,945240,476890,-,-,-,-,-
481,REVOLUTIONARY ADDICT,-,-,-,906650,552490,-,-,-,-
482,KEEP ON MOVIN' (Y&Co. DJ BOSS remix),-,-,-,-,-,-,-,-,-
483,PUT YOUR FAITH IN ME (DA's Twinkly Disco Remix),-,-,-,851730,-,-,-,-,-
484,TRIP MACHINE (xac nanoglide mix),-,-,-,-,-,-,-,-,-
485,Go For The Top,-,-,917970,-,-,-,-,-,-
486,BRILLIANT 2U (AKBK MIX),-,-,936190,799260,-,-,-,-,-
487,PARANOiA (kskst mix),-,-,881440,-,-,-,-,-,-
488,snow prism,-,-,-,-,-,-,-,-,-
489,紅焔,-,-,-,-,735810,-,-,-,-
490,Cosmic Hurricane,-,-,841520,845870,-,-,-,-,-
491,恋閃繚乱,-,-,-,-,-,-,-,-,-
492,Qipchāq,-,-,-,858090,-,-,-,-,-
493,heron,-,-,709590,862440,702720,905540,-,-,-
494,nightbird lost wing,-,-,-,-,-,-,-,-,-
495,めうめうぺったんたん！！,-,-,890310,939550,742750,824390,-,-,-
496,south,-,-,-,968970,929230,-,924260,-,-
497,New Gravity,-,-,-,899000,-,-,-,-,-
498,Condor,-,-,868160,930110,715390,-,-,-,-
499,WILD SIDE,-,-,-,-,-,-,-,-,-
500,Beautiful Dream,-,772000,-,760620,744670,-,-,-,-
501,Straight Oath,-,-,-,-,-,-,-,-,-
502,ずっとみつめていて (Ryu☆Remix),-,-,-,-,737690,-,-,-,-
503,Burst The Gravity,-,-,-,-,-,-,-,-,-
504,Starry HEAVEN,-,-,-,-,-,-,-,-,-
505,折れないハート,-,-,-,-,-,-,-,-,-
506,Find The Way,-,-,-,-,-,-,-,-,-
507,Back In Your Arms,-,-,-,-,-,-,-,-,-
508,Ah La La La,-,-,-,-,-,-,-,-,-
509,Sucka Luva,-,-,-,-,-,-,-,-,-
510,Bombay Bomb,-,-,-,-,-,-,-,-,-
511,Hoping To Be Good,-,-,-,-,-,-,-,-,-
512,You,-,-,-,945440,-,-,-,-,-
513,Everything I Need,-,-,-,-,-,-,-,-,-
514,Children of the Beat,-,-,-,-,-,-,-,-,-
515,Tell me what to do,-,-,-,-,-,-,-,-,-
516,Diamond Night,-,-,-,-,-,-,-,-,-
517,Summer Fairytale,-,-,-,-,-,-,-,-,-
518,The Island Song,-,-,-,-,-,-,-,-,-
519,Top The Charts,-,-,-,-,-,-,-,-,-
520,Confession,-,-,-,-,-,-,-,-,-
521,THE REASON,-,-,-,-,-,-,-,-,-
522,Somehow You Found Me,-,-,-,-,-,-,-,-,-
523,Desert Journey,-,-,-,-,-,-,-,-,-
524,escape,-,-,-,-,-,-,-,-,-
525,Monkey Business,-,-,-,892840,154710,-,-,-,-
526,Another Phase,-,609720,-,-,206910,-,-,-,-
527,ラキラキ,-,-,746420,-,-,-,-,-,-
528,晴天Bon Voyage,-,-,-,-,-,-,-,-,-
529,STULTI,-,-,876150,665530,-,-,-,-,-
530,虹色の花,-,-,-,-,-,-,-,-,-
531,お米の美味しい炊き方、そしてお米を食べることによるその効果。,-,-,903480,-,-,-,-,-,-
532,創世ノート,-,-,-,752760,-,-,-,-,-
533,Synergy For Angels,-,845810,-,850700,-,-,-,-,-
534,Empathetic,-,-,-,-,-,-,-,-,-
535,GAIA,-,812920,959690,715290,-,-,-,-,-
536,Elemental Creation,-,786640,806860,566890,-,-,-,-,-
537,ACROSS WORLD,-,-,-,-,-,-,-,-,-
538,Air Heroes,-,-,944210,753200,-,-,-,-,-
539,JOKER,-,-,-,-,-,-,-,-,-
540,LOVE & JOY -Risk Junk MIX-,-,-,-,-,-,-,-,-,-
541,ジョジョ～その血の運命～,-,-,-,-,-,-,-,-,-
542,ふりそでーしょん,-,-,-,-,-,-,-,-,-
543,Choo Choo TRAIN,-,-,-,-,-,-,-,-,-
544,Mickey Mouse March(Eurobeat Version),-,-,-,-,-,-,-,-,-
545,Spanish Snowy Dance,-,-,756370,-,-,-,-,-,-
546,sola,-,-,-,-,-,-,-,-,-
547,Sweet Rain,-,-,-,-,-,-,-,-,-
548,Magnetic,-,-,-,-,709530,-,-,-,-
549,キケンな果実,-,-,-,-,-,-,-,-,-
550,フー・フローツ,-,-,-,-,-,-,-,-,-
551,からふるぱすてる,-,-,-,-,-,-,-,-,-
552,The Wind of Gold,-,-,736980,-,-,-,-,-,-
553,RЁVOLUTIФN,-,892600,-,709310,-,-,-,-,-
554,Right on time (Ryu☆Remix),-,-,-,791020,947310,-,-,-,-
555,PRANA,-,-,820140,-,-,-,-,-,-
556,Chinese Snowy Dance,-,-,-,-,-,-,-,-,-
557,†渚の小悪魔ラヴリィ～レイディオ†,-,-,883890,703530,981350,-,-,-,-
558,Triple Journey -TAG EDITION-,-,342560,-,-,-,-,-,-,-
559,New Generation,-,-,813700,-,-,-,-,-,-
560,Blew My Mind,-,-,-,-,-,-,-,-,-
561,ちくわパフェだよ☆CKP,-,-,-,936570,889020,867470,-,-,-
562,凛として咲く花の如く ～ひなビタ♪ edition～,-,-,-,953920,-,-,-,-,-
563,Wow Wow VENUS,-,-,-,-,-,-,-,-,-
564,Windy Fairy,-,-,-,-,-,-,-,-,-
565,printemps,-,-,-,-,-,-,-,-,-
566,回レ！雪月花,999920,-,923900,918360,844610,-,-,-,-
567,Stella Sinistra,-,-,493840,-,-,-,-,-,-
568,マインド・ゲーム,-,-,-,-,-,-,-,-,-
569,PUNISHER,-,-,939220,-,-,-,-,-,-
570,HYENA,-,-,-,-,-,-,-,-,-
571,True Blue,-,-,926110,-,-,-,-,-,-
572,恋はどう？モロ◎波動OK☆方程式！！,-,728840,951590,891990,-,-,-,-,-
573,ヤマトなでなで♡かぐや姫,-,-,-,932290,901660,-,-,-,-
574,星屑のキロク,-,-,-,802750,-,-,-,-,-
575,Dispersion Star,-,-,-,-,-,-,-,-,-
576,デッドボヲルdeホームラン,-,-,-,919840,-,-,-,-,-
577,Squeeze,-,-,-,-,-,-,-,-,-
578,野球の遊び方　そしてその歴史　～決定版～,-,-,-,848720,-,-,-,-,-
579,轟け！恋のビーンボール！！,-,-,977030,130390,-,-,-,-,-
580,Engraved Mark,-,-,953300,-,-,-,-,-,-
581,VEGA,-,-,597020,-,-,-,-,-,-
582,Daily Lunch Special,-,-,280500,-,-,-,-,-,-
583,IX,-,445200,110060,-,-,-,-,-,-
584,Romancing Layer,-,-,985130,868970,-,-,-,-,-
585,Do The Evolution,-,-,-,800270,-,-,-,-,-
586,esrev:eR,-,-,-,-,-,-,-,-,-
587,ÆTHER,-,708220,785450,-,-,-,-,-,-
588,SABER WING (satellite silhouette remix),-,-,-,-,443420,-,-,-,-
589,Elysium,-,-,-,-,-,-,-,-,-
590,MITOれて！いばらきっしゅだ～りん,-,-,-,-,-,-,-,-,-
591,IMANOGUILTS,-,-,-,-,-,-,-,-,-
592,ちゅ～いん☆バニー,-,-,-,-,-,-,-,-,-
593,Din Don Dan,-,-,-,959680,951810,873580,-,-,-
594,LoveLove DokiDoki,-,-,-,-,-,-,-,-,-
595,セツナトリップ,-,-,779320,-,-,-,-,-,-
596,ラクガキスト,-,-,-,-,836620,-,-,-,-
597,バンブーソード・ガール,-,-,831820,783180,-,-,-,-,-
598,幻想系世界修復少女,-,-,-,754420,-,-,-,-,-
599,Idola,-,853380,967550,733810,406110,-,-,-,-
600,ドキドキ☆流星トラップガール!!,-,-,-,-,-,-,-,-,-
601,Strobe♡Girl,-,-,-,-,-,-,-,-,-
602,second spring storm,-,-,-,-,-,-,-,-,-
603,Party Lights (Tommie Sunshine's Brooklyn Fire Remix),-,-,-,-,-,-,-,-,-
604,SUPER HERO,-,-,-,-,-,-,-,-,-
605,Habibe (Antuh muhleke),-,-,-,-,-,-,-,-,-
606,Cleopatrysm,-,794670,944640,-,-,-,-,-,-
607,御千手メディテーション,-,-,-,-,-,-,-,-,-
608,KHAMEN BREAK,-,-,953490,-,-,-,-,-,-
609,Follow Tomorrow,-,-,790520,953590,-,-,-,-,-
610,FUJIMORI -祭- FESTIVAL,-,-,-,-,-,-,-,-,-
611,Adularia,-,-,814080,922560,-,-,-,-,-
612,Nostalgia Is Lost,-,-,-,-,-,-,-,-,-
613,JOMANDA,-,945640,570910,-,368890,-,-,-,-
614,嘆きの樹,-,-,941950,593270,-,-,-,-,-
615,灼熱Beach Side Bunny,-,-,903150,725540,-,-,-,-,-
616,阿波おどり -Awaodori- やっぱり踊りはやめられない,-,-,-,-,-,-,-,-,-
617,SPECIAL SUMMER CAMPAIGN!,-,-,-,758010,-,-,-,-,-
618,starmine,-,-,894720,788280,-,-,-,-,-
619,Dreamin’,-,-,-,-,-,-,-,-,-
620,The Lonely Streets,-,-,-,-,-,-,-,-,-
621,One Sided Love,-,-,-,974900,-,-,-,-,-
622,Dance Partay,-,-,-,882400,916700,-,-,-,-
623,Thank You Merry Christmas,-,-,-,854160,-,-,-,-,-
624,Starlight Fantasia,-,-,-,-,-,-,-,-,-
625,Electronic or Treat!,-,-,-,-,-,-,-,-,-
626,エンドルフィン,-,-,918270,696040,-,-,-,-,-
627,Go↓Go↑Girls&Boys!,-,-,-,-,-,-,-,-,-
628,Plan 8,-,-,956390,953300,-,-,-,-,-
629,クリムゾンゲイト,-,-,-,-,-,-,-,-,-
630,海神,-,-,924330,-,-,-,-,-,-
631,FUNKY SUMMER BEACH,-,-,-,-,-,-,-,-,-
632,Remain,-,-,-,-,-,-,-,-,-
633,Truare!,-,-,-,-,-,-,-,-,-
634,POSSESSION(EDP Live Mix),-,-,961520,-,-,-,-,-,-
635,chaos eater,-,-,-,-,-,-,-,-,-
636,Samurai Shogun vs. Master Ninja,-,-,-,-,-,-,-,-,-
637,Sand Blow,-,-,-,-,-,-,-,-,-
638,Destination,-,-,-,-,-,-,-,-,-
639,HAPPY☆LUCKY☆YEAPPY,-,-,684370,-,-,-,-,-,-
640,EGOISM 440,-,790030,909720,430310,-,-,-,-,-
641,MAX.(period),-,-,743790,-,-,-,-,-,-
642,乙女繚乱 舞い咲き誇れ,-,-,-,-,-,-,-,-,-
643,滅亡天使 † にこきゅっぴん,-,-,-,-,-,-,-,-,-
644,ミライプリズム,-,-,-,952880,-,-,-,-,-
645,HEART BEAT FORMULA (Vinyl Mix),-,-,-,-,-,-,-,-,-
646,PRANA＋REVOLUTIONARY ADDICT (U1 DJ Mix),-,-,-,413310,-,-,-,-,-
647,Starlight Fantasia (Endorphins Mix),-,-,895620,690540,-,-,-,-,-
648,Over The “Period”,-,-,703100,-,-,-,-,-,-
649,朝色の紙飛行機,-,-,-,-,-,-,-,-,-
650,M.A.Y.U.,-,-,-,917990,-,-,-,-,-
651,女言葉の消失,-,-,-,947850,-,-,-,401310,-
652,AWAKE,-,-,-,-,-,-,-,-,-
653,Scarlet Moon,-,-,-,986670,-,-,-,-,-
654,Struggle,-,-,929840,951120,-,-,-,-,-
655,ホメ猫☆センセーション,-,-,-,956660,-,-,-,-,-
656,妖隠し -あやかしかくし-,-,873760,868260,-,-,-,-,-,-
657,チョコレートスマイル,-,-,-,-,-,-,-,-,-
658,ビビットストリーム,-,-,-,-,-,-,-,-,-
659,突撃！ガラスのニーソ姫！,-,-,950650,126940,-,-,-,-,-
660,爆なな☆てすとロイヤー,-,-,964770,887760,-,-,-,-,-
661,ドーパミン,-,957980,793250,-,-,-,-,-,-
662,In The Breeze,-,-,-,809040,-,-,-,-,-
663,Summer fantasy (Darwin remix),-,-,-,-,-,-,-,-,-
664,Sakura Mirage,-,860380,947020,861590,-,-,-,-,-
665,天空の華,-,-,-,-,-,-,-,-,-
666,8000000,-,-,-,-,-,-,-,-,-
667,パ→ピ→プ→Yeah!,-,946800,973810,971660,-,-,-,-,-
668,夏色DIARY -DDR mix-,-,-,-,-,-,-,-,-,-
669,TSUBASA,-,-,966860,924790,-,-,-,-,-
670,neko＊neko,-,-,873340,928850,911600,-,-,-,-
671,激アツ☆マジヤバ☆チアガール,-,-,-,924800,-,-,-,-,-
672,はなまるぴっぴはよいこだけ,-,-,923530,-,-,-,-,-,-
673,漆黒のスペシャルプリンセスサンデー,-,-,-,-,-,-,-,-,-
674,地方創生☆チクワクティクス,-,-,-,978150,-,-,-,-,-
675,イーディーエム・ジャンパーズ,-,-,843990,926680,-,902460,-,-,-
676,チルノのパーフェクトさんすう教室 (EDM REMIX),-,-,-,-,-,-,-,-,-
677,ナイト・オブ・ナイツ,-,978420,932200,875580,681810,-,-,-,-
678,魔理沙は大変なものを盗んでいきました,-,-,-,-,-,-,-,-,-
679,Bad Apple!! feat. nomico,-,-,953790,828610,-,-,-,-,-
680,Grip & Break down !!,-,-,-,819370,-,-,-,-,-
681,Help me, ERINNNNNN!!,-,-,-,789770,-,-,-,-,-
682,The Night Away (MK Remix),-,-,-,-,-,-,-,-,-
683,きゅん×きゅんばっきゅん☆LOVE,-,-,-,-,-,-,-,-,-
684,さよならトリップ ～夏陽 EDM edition～,-,-,-,-,-,-,-,-,-
685,十二星座の聖域,-,-,-,-,-,-,-,-,-
686,魔法のたまご ～心菜 ELECTRO POP edition～,-,-,-,-,-,-,-,-,-
687,DANCE ALL NIGHT (DDR EDITION),-,-,-,920560,-,-,-,-,-
688,HANDS UP IN THE AIR,999890,-,934610,955040,-,-,-,-,-
689,siberite,-,-,-,-,-,-,-,-,-
690,Yeah! Yeah!,-,-,-,938000,-,-,-,-,-
691,朧,-,-,984070,983610,896440,-,-,-,-
692,この青空の下で,-,-,-,-,-,-,-,-,-
693,打打打打打打打打打打,-,947500,973750,913870,240470,903220,-,-,-
694,ALL MY HEART -この恋に、わたしの全てを賭ける-,-,-,-,-,-,-,-,-,-
695,bass 2 bass,-,-,772950,873470,-,-,-,-,-
696,Ha･lle･lu･jah,-,-,-,974670,-,-,816640,-,-
697,Poochie,-,-,370360,-,-,-,-,-,-
698,SHION,-,-,271380,955430,-,-,-,-,-
699,Star Trail,-,-,934840,890300,-,-,-,-,-
700,New Century,924270,942810,920580,-,-,-,-,-,-
701,黒髪乱れし修羅となりて～凛 edition～,-,-,891360,938600,-,-,-,-,-
702,色は匂へど散りぬるを,-,-,963170,946440,-,-,-,-,-
703,放課後ストライド,-,-,-,706000,-,-,-,-,-
704,ハッピーシンセサイザ,-,-,-,-,-,-,-,-,-
705,宇宙(ソラ)への片道切符,-,-,-,952750,-,-,-,-,-
706,Electric Dance System Music,-,-,930100,256630,-,-,-,-,-
707,TECH-NOID,-,-,-,945820,-,-,-,-,-
708,RISING FIRE HAWK,-,-,955330,869050,-,-,-,-,-
709,Believe,-,-,-,-,-,-,-,-,-
710,Break Free,-,-,-,955370,-,-,-,-,-
711,Happy,-,-,-,-,-,-,-,-,-
712,Hillbilly Shoes,-,-,-,-,-,-,-,-,-
713,I Want You To Know,-,-,-,-,-,-,-,-,-
714,Shut Up and Dance,-,-,-,902290,-,-,-,-,-
715,Time Of Our Lives,-,-,-,-,-,-,-,-,-
716,Wake Me Up,-,-,-,-,-,-,-,-,-
717,Lesson by DJ,991020,-,,-,,-,,-,-
718,倉野川音頭,-,-,-,-,-,-,-,-,-
719,MAKE A JAM!,-,-,-,989210,-,-,-,-,-
720,ハピ恋☆らぶりぃタイム!!,-,-,-,-,-,-,-,-,-
721,Special One,-,-,990710,962560,-,-,-,-,-
722,Towards the TOWER,-,-,-,-,-,-,-,-,-
723,ベィスドロップ・フリークス,-,-,973970,948960,-,-,812270,-,-
724,Dancer in the flare,-,-,-,-,-,-,-,-,-
725,天ノ弱,-,-,955650,-,-,-,-,-,-
726,六兆年と一夜物語,-,-,-,922350,653790,-,-,-,-
727,ロストワンの号哭,-,-,-,845810,-,-,-,-,-
728,Astrogazer,-,-,933140,728310,-,-,-,-,-
729,Cytokinesis,-,-,912850,120860,-,-,-,-,-
730,S!ck,-,-,914720,79130,-,-,-,-,-
731,Illegal Function Call,-,-,921880,-,-,-,-,-,-
732,STERLING SILVER,-,-,-,-,-,-,-,-,-
733,STERLING SILVER (U1 overground mix),-,-,-,-,-,-,-,-,-
734,Come to Life,-,-,974460,727940,-,-,-,-,-
735,Far east nightbird,-,-,-,932790,-,-,-,-,-
736,Far east nightbird kors k Remix -DDR edit ver-,-,-,641340,934840,-,-,-,-,-
737,Angelic Jelly,-,987640,-,-,-,-,-,-,-
738,Grand Chariot,-,968390,833550,920080,-,-,-,-,-
739,Sephirot,-,952110,990120,976370,-,-,-,-,-
740,StrayedCatz,-,983130,892160,-,-,-,-,-,-
741,ZEPHYRANTHES,-,999620,974060,335910,-,-,-,-,-
742,Triple Counter,-,940800,-,-,-,-,-,-,-
743,Emera,-,-,-,-,-,-,-,-,-
744,Determination,-,-,-,-,-,-,-,-,-
745,Hopeful,-,-,-,929920,-,-,-,-,-
746,Start a New Day,-,-,911000,-,-,-,-,-,-
747,恋する☆宇宙戦争っ!!,-,-,939570,681260,644830,-,-,-,-
748,恋愛観測,-,-,-,933070,-,-,-,-,-
749,Ishtar,-,-,921020,915920,690770,-,-,-,-
750,Fly far bounce,-,-,-,835830,-,-,-,-,-
751,out of focus,-,-,895330,-,-,-,-,-,-
752,Neutrino,-,948920,897100,506820,-,-,-,-,-
753,エキサイティング！！も・ちゃ・ちゃ☆,-,-,-,-,-,-,-,-,-
754,ロンロンへ　ライライライ！,-,-,-,972160,-,-,-,-,-
755,Cosy Catastrophe,-,-,788840,-,-,-,-,-,-
756,ENDYMION,899370,821870,700310,-,-,-,-,-,-
757,ACE FOR ACES,-,-,-,-,-,-,-,-,-
758,幸せになれる隠しコマンドがあるらしい,-,998150,-,963680,-,-,734090,-,-
759,脳漿炸裂ガール,-,-,-,-,863080,-,-,-,-
760,初音ミクの消失,-,-,-,905340,846060,-,-,-,-
761,チルノのパーフェクトさんすう教室,-,-,-,953690,833120,-,-,-,-
762,向日葵サンセット,-,-,-,940190,-,-,-,-,-
763,君氏危うくも近うよれ,-,-,-,-,-,-,-,-,-
764,DREAMING-ING!!,-,-,-,-,-,-,-,-,-
765,Be a Hero!,-,-,890850,419900,-,-,-,-,-
766,恋のパズルマジック,-,-,-,-,-,-,-,-,-
767,Strawberry Chu♡Chu♡,-,-,-,-,-,-,-,-,-
768,ようこそジャパリパークへ,-,-,955910,910800,959780,-,-,-,680620
769,輪廻転生,-,-,-,-,-,-,-,-,-
770,More One Night,-,-,-,988590,986820,-,-,-,-
771,Reach The Sky, Without you,-,992220,840920,-,-,-,-,-,-
772,ルミナスデイズ,-,-,-,-,-,-,-,-,-
773,しゃかりきリレーション,-,-,-,-,-,-,-,-,-
774,闘え！ダダンダーンＶ,-,-,-,-,-,-,-,-,-
775,ハルイチバン,-,-,-,971300,-,-,-,-,-
776,CHOCOLATE PHILOSOPHY,-,-,-,-,-,-,-,-,-
777,High School Love,-,-,-,914890,-,-,-,-,-
778,invisible rain,-,-,-,-,-,-,-,-,-
779,Jewelry days,-,-,-,-,-,-,-,-,-
780,Twin memories W,-,-,-,-,-,-,-,-,-
781,ロールプレイングゲーム,-,-,-,-,-,-,-,-,-
782,エイリアンエイリアン,-,-,-,-,-,-,-,-,-
783,恋時雨,-,-,-,-,-,-,-,-,-
784,いーあるふぁんくらぶ,-,-,-,-,-,-,-,-,-
785,炉心融解,-,-,-,967040,-,-,-,-,-
786,春風ブローインウィンド,-,-,-,-,-,-,-,-,-
787,Boss Rush,-,-,812720,-,-,-,-,-,-
788,Sakura Reflection,-,-,990530,325710,-,-,-,-,-
789,IN BETWEEN,-,-,935690,-,-,-,-,-,-
790,千年ノ理,-,-,-,979820,-,-,-,-,-
791,プレインエイジア -PHQ remix-,-,-,-,914130,-,-,-,-,-
792,Love You More,-,-,880810,-,-,-,-,-,-
793,朧 (dj TAKA Remix),-,-,-,975190,-,-,-,-,-
794,Chronos (walk with you remix),-,-,-,-,-,-,-,-,-
795,おねがいダーリン,-,-,-,-,-,-,938020,-,-
796,無頼ック自己ライザー,-,-,-,654360,-,-,-,-,-
797,Pursuer,-,-,-,-,-,-,-,-,-
798,ALGORITHM,-,-,-,916400,-,-,-,-,-
799,Vanquish The Ghost,-,-,-,-,-,-,-,-,-
800,SUN² SUMMER STEP!,-,-,-,-,-,-,-,-,-
801,Smiling Passion,-,-,-,-,-,-,-,-,-
802,Eternal Summer,-,-,-,902950,-,-,-,-,-
803,星座が恋した瞬間を。,-,998160,997060,985300,-,-,-,-,-
804,風鈴花火,-,987690,-,-,-,-,-,-,-
805,Life is beautiful,-,-,-,-,-,-,-,-,-
806,Puberty Dysthymia,-,-,-,-,-,-,-,-,-
807,Rejoin,-,-,-,-,-,-,-,-,-
808,SUPER SUMMER SALE,-,991540,958440,814730,-,-,-,-,-
809,Prey,-,-,719990,-,-,-,-,-,-
810,DDR MEGAMIX,-,-,954870,816250,243780,-,-,-,-
811,Love♡Shine わんだふるmix,-,-,-,953650,-,-,-,-,-
812,Show me your moves,-,-,991580,993720,904790,-,861120,-,-
813,POSSESSION (20th Anniversary Mix),-,915450,850760,-,-,-,-,-,-
814,CHAOS Terror-Tech Mix,-,-,880470,705780,-,-,-,-,-
815,MAX 360,-,955620,755430,534650,-,-,-,-,-
816,#OurMemories,-,-,990410,971170,967920,-,-,-,-
817,シュレーディンガーの猫,-,-,938900,-,-,-,-,-,-
818,ANNIVERSARY ∴∵∴ ←↓↑→,-,-,991060,-,-,-,-,-,-
819,Catch Our Fire!,-,-,-,-,-,-,-,-,-
820,First Time,-,-,-,-,-,-,-,-,-
821,愛言葉,-,-,-,-,-,-,-,-,-
822,ありふれたせかいせいふく,-,-,-,-,-,-,-,-,-
823,すろぉもぉしょん,-,-,-,-,-,-,-,-,-
824,*ハロー、プラネット。,-,-,-,-,-,-,-,-,-
825,妄想税,-,-,-,-,-,-,-,-,-
826,39,-,-,-,-,-,-,-,-,-
827,Dead Heat,-,-,933650,-,-,-,-,-,-
828,District of the Shadows,-,-,-,-,-,-,-,-,-
829,Drop The Bounce,-,-,-,841290,-,-,-,-,-
830,Neverland,-,-,892900,-,-,-,-,-,-
831,Procyon,-,-,-,-,-,-,-,-,-
832,Seta Para Cima↑↑,-,-,-,-,-,-,-,-,-
833,Starry Sky,-,-,-,-,-,-,-,-,-
834,This Beat Is.....,-,-,-,917330,-,-,-,-,-
835,Waiting,-,-,-,-,-,-,-,-,-
836,The Light,-,-,-,976780,-,-,838110,-,-
837,ORCA,-,-,-,-,-,-,-,-,-
838,50th Memorial Songs -Beginning Story-,-,-,-,-,-,-,-,-,-
839,HAVE YOU NEVER BEEN MELLOW (20th Anniversary Mix),-,-,-,950390,-,-,-,-,-
840,Get On Da Floor,-,-,-,-,-,-,-,-,-
841,Helios,-,-,-,658840,-,-,-,-,-
842,Skywalking,-,-,-,-,-,-,-,-,-
843,SODA GALAXY,-,-,-,-,-,-,-,-,-
844,Toy Box Factory,-,-,-,-,-,-,-,-,-
845,革命パッショネイト,-,-,-,-,-,-,-,-,-
846,スイーツはとまらない♪,-,-,-,-,-,-,-,-,-
847,熱情のサパデアード,-,-,-,-,-,-,-,-,-
848,ヒカリユリイカ,-,-,-,-,-,-,-,-,-
849,ベビーステップ,-,-,-,-,-,-,-,-,-
850,50th Memorial Songs -二人の時 ～under the cherry blossoms～-,-,-,-,-,-,-,-,-,-
851,50th Memorial Songs -Flagship medley-,-,-,-,-,-,-,-,-,-
852,50th Memorial Songs -The BEMANI History-,-,-,-,895170,-,-,-,-,-
853,CARTOON HEROES (20th Anniversary Mix),-,-,-,-,-,-,-,-,-
854,腐れ外道とチョコレゐト,-,-,-,755460,-,-,-,-,-
855,タイガーランペイジ,-,-,-,-,-,-,-,-,-
856,ライアーダンス,-,-,-,-,-,-,-,-,-
857,Avenger,-,-,-,-,-,-,-,-,-
858,LONG TRAIN RUNNIN' (20th Anniversary Mix),-,-,-,-,-,-,-,-,-
859,F4SH10N,-,-,-,-,-,-,-,-,-
860,Our Soul,-,-,-,986780,809860,-,875220,-,-
861,Right Time Right Way,-,-,-,-,-,-,-,-,-
862,New Era,-,-,-,-,-,-,-,-,-
863,SKY HIGH (20th Anniversary Mix),-,-,-,-,-,-,-,-,-
864,BLSTR,-,-,-,-,-,-,-,-,-
865,CROSS,-,-,-,-,-,-,-,-,-
866,LEVEL UP,-,-,-,-,-,-,-,-,-
867,未来（ダ）FUTURE,-,-,-,-,-,-,-,-,-
868,Give Me,-,-,-,-,-,-,-,-,-
869,BUTTERFLY (20th Anniversary Mix),-,-,-,929630,-,-,-,-,-
870,Alone,-,-,-,971710,-,-,-,-,-
871,Clarity,-,-,-,-,-,-,-,-,-
872,I'm an Albatraoz,-,-,-,-,-,-,-,-,-
873,New Rules,-,-,-,-,-,-,-,-,-
874,No Tears Left to Cry,-,-,-,-,-,-,-,-,-
875,Party Rock Anthem,-,-,-,-,-,-,-,-,-
876,Play Hard,-,-,-,-,-,-,-,-,-
877,Something Just Like This (Alesso Remix),-,-,-,-,-,-,-,-,-
878,Splash Gold,-,-,-,-,-,-,-,-,-
879,Ace out,-,-,-,-,-,-,-,-,-
880,毒占欲,-,-,-,-,-,-,-,-,-
881,妄想感傷代償連盟,-,-,-,-,-,-,-,-,-
882,すきなことだけでいいです,-,-,-,-,-,-,-,-,-
883,Small Steps,-,-,-,-,-,-,-,-,-
884,DOWNER & UPPER,-,-,-,-,-,-,-,-,-
885,Crazy Shuffle,-,-,993890,886650,-,891320,-,-,-
886,The World Ends Now,-,-,-,-,-,-,-,-,-
887,最小三倍完全数,-,-,794550,-,-,-,-,-,-
888,Trill auf G,-,-,-,-,-,-,-,-,-
889,BLACK JACKAL,-,-,986600,832820,-,951600,-,-,-
890,Six String Proof,-,-,-,-,-,-,-,-,-
891,toy boxer,-,-,-,-,-,-,-,-,-
892,おーまい！らぶりー！すうぃーてぃ！だーりん！,-,-,955930,-,-,-,-,-,-
893,voltississimo,-,-,-,769520,-,-,-,-,-
894,Afterimage d'automne,-,-,-,-,-,-,-,-,-
895,ミッドナイト☆WAR,-,-,-,-,-,-,-,-,-
896,Rampage Hero,-,-,-,-,-,-,-,-,-
897,ホーンテッド★メイドランチ,-,-,-,-,-,-,-,-,-
898,未完成ノ蒸氣驅動乙女 (DDR Edition),-,-,828680,-,-,-,-,-,-
899,SWEET HOME PARTY,-,-,-,-,-,-,-,-,-
900,Une mage blanche,-,-,-,-,-,-,-,-,-
901,ALPACORE,-,-,-,-,-,-,-,-,-
902,IRON HEART,-,-,-,-,-,-,-,-,-
903,Stay 4 Ever,-,-,-,-,-,-,-,-,-
904,ランカーキラーガール,-,-,899020,-,-,-,-,-,-
905,The History of the Future,-,-,-,-,-,-,-,-,-
906,令和,-,-,-,984330,-,-,-,-,-
907,Bounce Trippy,-,-,-,-,-,-,-,-,-
908,ENDLESS,-,-,-,-,-,-,-,-,-
909,Glitch Angel,-,-,-,-,-,-,-,-,-
910,どきドキ バレンタイン,-,-,-,-,-,-,-,-,-
911,I Love You,-,-,-,-,-,-,-,-,-
912,Hunny Bunny,-,-,-,-,-,-,-,-,-
913,Re:GENERATION,-,-,-,-,-,-,-,-,-
914,DIGITAL LUV,-,-,-,938790,-,-,-,-,-
915,Mythomane,-,-,-,-,-,-,-,-,-
916,Golden Arrow,-,-,-,-,-,-,-,-,-
917,Starlight in the Snow,-,-,-,-,-,-,-,-,-
918,ΩVERSOUL,-,-,953070,824140,-,-,-,-,-
919,Firestorm,-,-,-,-,-,-,-,-,-
920,Lachryma《Re:Queen’M》,-,-,-,-,-,-,-,-,-
921,CyberConnect,-,-,-,-,-,-,-,-,-
922,最終鬼畜妹フランドール・Ｓ,-,-,-,-,-,-,-,-,-
923,ナイト・オブ・ナイツ (Ryu☆Remix),-,-,914580,-,-,-,-,-,-
924,Silly Love,-,-,978050,770960,-,-,-,-,-
925,星屑の夜果て,-,-,-,-,-,-,-,-,-
926,び,-,-,-,-,-,-,-,-,-
927,ラブキラ☆スプラッシュ,-,-,-,851510,-,-,-,-,-
928,Crazy Hot,-,-,-,-,-,-,-,-,-
929,Feidie,-,-,-,-,-,-,-,-,-
930,GUILTY DIAMONDS,-,-,-,-,-,-,-,-,-
931,No Life Queen [DJ Command Remix],-,-,-,-,-,-,-,-,-
932,Together Going My Way,-,-,-,-,-,-,-,-,-
933,御伽噺に幕切れを,-,-,-,-,-,-,-,-,-
934,逆さま♥シンデレラパレード,-,-,-,-,-,-,-,-,-
935,至上のラトゥーリア,-,-,-,-,-,-,-,-,-
936,DeStRuCtIvE FoRcE,-,-,-,-,-,-,-,-,-
937,Hyper Bomb,-,-,-,744820,-,-,-,-,-
938,HyperTwist,-,-,944730,776670,-,-,-,-,-
939,In the past,-,-,910640,-,-,-,-,-,-
940,ROOM,-,-,-,-,-,-,-,-,-
941,Last Card,-,-,-,-,-,-,-,-,-
942,DANCERUSH STARDOM ANTHEM,-,-,-,914910,-,-,-,-,-
943,take me higher,-,-,-,-,-,-,-,-,-
944,Midnight Amaretto,-,-,-,-,-,-,-,-,-
945,東京神話,-,-,185790,-,-,-,-,-,-
946,City Never Sleeps,-,-,-,-,-,-,-,-,-
947,Riot of Color,-,-,-,-,-,-,-,-,-
948,HYPERDRIVE,-,-,-,-,-,-,-,-,-
949,I Want To Do This Keep,-,-,-,-,-,-,-,-,-
950,STEP MACHINE,-,-,-,884290,-,-,-,-,-
951,Our Love,-,-,-,-,-,-,-,-,-
952,Sparkle Smilin',-,-,-,-,-,-,-,-,-
953,ノルエピネフリン,-,-,-,-,-,-,-,-,-
954,DIGITALIZER,-,-,-,-,-,-,-,-,-
955,Last Twilight,-,-,-,-,-,-,-,-,-
956,PANIC HOLIC,-,-,-,-,-,-,-,-,-
957,アリスサイド・キャスリング,-,-,-,-,-,-,-,-,-
958,追憶のアリア,-,-,-,-,-,-,-,-,-
959,花は折りたし梢は高し,-,-,-,-,-,-,-,-,-
960,叛逆のディスパレート,-,-,-,-,-,-,-,-,-
961,蒼が消えるとき,-,-,-,-,-,-,-,-,-
962,Draw the Savage,-,-,-,-,-,-,-,-,-
963,Bang Pad(Werk Mix),-,-,-,-,-,-,-,-,-
964,HARD BRAIN,-,-,-,-,-,-,-,-,-